{"cameraMode":{"drawMode":0,"name":"Shaded","section":"Shading Mode"},"sceneLighting":false,"audioPlay":false,"sceneViewState":{"showFog":true,"showMaterialUpdate":false,"showSkybox":false,"showFlares":true,"showImageEffects":true,"showParticleSystems":true},"in2DMode":false,"pivot":{"x":-112.86341857910156,"y":100.93434143066406,"z":-42.344032287597659},"rotation":{"x":0.15387879312038423,"y":-0.8110063672065735,"z":0.2455519735813141,"w":0.5082301497459412},"size":27.224714279174806,"orthographic":false}